INSERT INTO public.station(station_id,short_name,station_name) VALUES
 (1,'BHF-WEST','Bahnhof West')
,(2,'BHF-OST','Bahnof Ost')
,(3,'BHF-SUED','Bahnhof Sued')
,(4,'BHF-NORD','Bahnhof Nord')
,(5,'SH','Seehof')
,(6,'SB','Saegerbruecke')
,(7,'MG','Messegelände')
,(8,'BP','Busplatz')
,(9,'KH','Kirchhof')
,(10,'MP','Marktplatz')
,(11,'HP','Hofplatz')
,(12,'WP','Wirtpark')
,(13,'FH','Friedhoffen')
,(14,'AB','Aberhof')
,(15,'AH','Ackerhof')
,(16,'GA','Gemeindeamt')
,(17,'LKH','Landeskrankenhaus')
,(18,'SBD','Strandbad')
,(19,'ZM','Zentrum')
,(20,'GB','Gewerbehof')
,(21,'RH','Rathaus')
,(22,'HSP','Hochschulplatz')
,(23,'MI','Miralbellplatz')
,(24,'BW','Bärenwirt')
,(25,'FHP','Ferdinand-Hanusch-Platz')
,(26,'LBH','Lehrbauhof')
,(27,'MRW','Mueller-Rundegg-Weg')
,(28,'HL','Hochleitner')
,(29,'VS','Volksschule')
,(30,'IG','Industriegebiet')
,(31,'WSP','Wirtschaftspark')
,(32,'MAG','Marktgasse')
,(33,'ACH','Ach')
,(34,'MSE','Musikschule')
,(35,'SPZ','Stadtplatz')
,(36,'BH','Bildnerhof')
,(37,'KW','Kornweg')
,(38,'HS','Holzstrasse')
,(39,'STG','Steckgasse')
,(40,'RA','Rosenau')
,(41,'WDF','Wiesendorf')
,(42,'NM','Neumarkt');

INSERT INTO public.bus(bus_id,maintenance_km,licence_number,make,model,registration_date,seat_places,stand_places) VALUES
 (1,12000,'K-A12-B3','mercedes-benz','O 405 N','2004-09-11',38,68)
,(2,12001,'K-A12-B4','mercedes-benz','O 405 N','2007-06-23',38,68)
,(3,12002,'K-A12-B5','mercedes-benz','O 405 N','2010-04-03',38,68)
,(4,12003,'K-A12-B6','mercedes-benz','O 405 N','2013-01-12',38,68)
,(5,12004,'K-A12-B7','mercedes-benz','O 405 N','2015-10-24',38,68)
,(6,12005,'K-A12-B8','mercedes-benz','O 405 N','2018-08-04',38,68)
,(7,12006,'K-A12-B9','mercedes-benz','O 405 N','2012-05-15',38,68)
,(8,12007,'K-A12-B10','mercedes-benz','O 405 N','1999-02-24',38,68)
,(9,12008,'K-A12-B11','mercedes-benz','O 405 N','2008-12-05',38,68)
,(10,12009,'K-A12-B12','mercedes-benz','O 405 N','2002-09-15',38,68)
,(11,12010,'K-A12-B13','mercedes-benz','O 405 N','2014-06-26',38,68)
,(12,12011,'K-A12-B14','mercedes-benz','O 405 N','2000-04-07',38,68)
,(13,12012,'K-A12-B15','mercedes-benz','O 405 N','1996-01-16',38,68)
,(14,12013,'K-A12-B16','mercedes-benz','O 405 N','2015-10-27',38,68)
,(15,12014,'K-A12-B17','mercedes-benz','O 405 N','2010-08-08',38,68)
,(16,12015,'K-A12-B18','mercedes-benz','O 405 N','2015-05-19',38,68)
,(17,12016,'K-A12-B19','mercedes-benz','O 405 N','2018-02-27',38,68)
,(18,12017,'K-A12-B20','mercedes-benz','O 405 N','2016-12-09',38,68)
,(19,12018,'K-A12-B21','mercedes-benz','O 404','2017-09-19',61,0)
,(20,12019,'K-A12-B22','mercedes-benz','O 404','2014-06-30',61,0)
,(21,12020,'K-A12-B23','mercedes-benz','O 404','2006-04-10',61,0)
,(22,12021,'K-A12-B24','mercedes-benz','O 404','2002-01-20',61,0)
,(23,12022,'K-A12-B25','mercedes-benz','O 404','2011-10-31',61,0)
,(24,12023,'K-A12-B26','mercedes-benz','O 404','2003-08-11',61,0)
,(25,12024,'K-A12-B27','mercedes-benz','O 404','2014-05-23',61,0)
,(26,12025,'K-A12-B28','mercedes-benz','O 404','2003-03-03',61,0)
,(27,12026,'K-A12-B29','mercedes-benz','O 404','2009-12-12',61,0)
,(28,12027,'K-A12-B30','mercedes-benz','O 404','2015-09-23',61,0)
,(29,12028,'K-A12-B31','mercedes-benz','O 404','2000-07-04',61,0)
,(30,12029,'K-A12-B32','mercedes-benz','O 404','1999-04-14',61,0)
,(31,12030,'K-A12-B33','mercedes-benz','O 404','2016-01-24',61,0)
,(32,12031,'K-A12-B34','mercedes-benz','O 404','2090-11-04',61,0)
,(33,12032,'K-A12-B35','mercedes-benz','O 404','2013-08-15',61,0)
,(34,12033,'K-A12-B36','mercedes-benz','O 404','2004-05-26',61,0)
,(35,12034,'K-A12-B37','mercedes-benz','O 404','2009-03-07',61,0)
,(36,12035,'K-A12-B38','mercedes-benz','O 404','2001-12-17',61,0)
,(37,12036,'K-A12-B39','mercedes-benz','O 404','2004-09-27',61,0)
,(38,12037,'K-A12-B40','mercedes-benz','O 404','2007-07-09',61,0)
,(39,12038,'K-A12-B41','mercedes-benz','O 530 Citaro','2010-04-19',68,90)
,(40,12039,'K-A12-B42','mercedes-benz','O 530 Citaro','2013-01-28',68,90)
,(41,12040,'K-A12-B43','mercedes-benz','O 530 Citaro','2015-11-09',68,90)
,(42,12041,'K-A12-B44','mercedes-benz','O 530 Citaro','2018-08-20',68,90)
,(43,12042,'K-A12-B45','mercedes-benz','O 530 Citaro','2009-05-31',68,90)
,(44,12043,'K-A12-B46','mercedes-benz','O 530 Citaro','2012-03-11',68,90)
,(45,12044,'K-A12-B47','mercedes-benz','O 530 Citaro','2012-12-21',68,90)
,(46,12045,'K-A12-B48','mercedes-benz','O 530 Citaro','2010-10-01',68,90)
,(47,12046,'K-A12-B49','mercedes-benz','O 530 Citaro','2004-07-12',68,90)
,(48,12047,'K-A12-B50','mercedes-benz','O 530 Citaro','2013-04-23',68,90)
,(49,12048,'K-A12-B51','mercedes-benz','O 530 Citaro','2005-02-01',68,90)
,(50,12049,'K-A12-B52','mercedes-benz','O 530 Citaro','2007-11-12',68,90)
,(51,12050,'K-A12-B53','mercedes-benz','O 530 Citaro','2012-08-24',68,90)
,(52,12051,'K-A12-B54','mercedes-benz','O 530 Citaro','2011-06-04',68,90)
,(53,12052,'K-A12-B55','mercedes-benz','O 530 Citaro','2004-03-15',68,90)
,(54,12053,'K-A12-B56','mercedes-benz','O 530 Citaro','2008-12-25',68,90)
,(55,12054,'K-A12-B57','mercedes-benz','O 530 Citaro','2006-10-05',68,90)
,(56,12055,'K-A12-B58','mercedes-benz','O 530 Citaro','2017-07-16',68,90)
,(57,12056,'K-A12-B59','mercedes-benz','O 530 Citaro','2011-04-26',68,90)
,(58,12057,'K-A12-B60','mercedes-benz','O 530 Citaro','2005-02-05',68,90)
,(59,12058,'K-A12-B61','mercedes-benz','O 530 Citaro','2006-10-05',68,90)
,(60,12059,'K-A12-B62','mercedes-benz','O 530 Citaro','2017-07-16',68,90);

INSERT INTO public.route(route_id,route_number,variation,valid_from,valid_to) VALUES
 (1,22,NULL,'2019-01-01','2019-12-31')
,(2,20,NULL,'2019-01-01','2019-12-31')
,(3,21,NULL,'2019-01-01','2020-12-31')
,(4,10,NULL,'2019-01-01','2020-12-31')
,(5,13,NULL,'2019-01-01','2019-12-31')
,(6,53,NULL,'2018-01-01','2019-12-31')
,(7,23,NULL,'2018-01-01','2019-12-31')
,(8,1,NULL,'2017-01-01','2019-12-31')
,(9,47,NULL,'2019-01-01','2020-12-31')
,(10,52,NULL,'2018-01-01','2020-12-31')
,(11,18,NULL,'2019-01-01','2020-12-31')
,(12,16,NULL,'2019-01-01','2020-12-31')
,(13,40,NULL,'2019-01-01','2020-12-31')
,(14,9,NULL,'2019-01-01','2019-12-31');

INSERT INTO public.path(path_id,path_description,route_id) VALUES
 (1,'Uebersee',1)
,(2,'Buchen',2)
,(3,'Sachsen',3)
,(4,'Wuerdberg',4)
,(5,'Ktour',5)
,(6,'Stadttour',6)
,(7,'Seetour',7)
,(8,'Schulweg',8)
,(9,'Siegerpfad',9)
,(10,'Silberpfad',10)
,(11,'Gasthausen',11)
,(12,'Khausen',12)
,(13,'Stadttour',13)
,(14,'Seetour',14);

-- WEEKDAY = 0
-- SATURDAY = 1
-- SCHOOLDAY = 2
-- HOLIDAY = 3
-- 
INSERT INTO public.start_time(start_time_id,required_capacity,start_time,start_time_type,path_id) VALUES
 (1,50,'08:45:00',0,3)
,(2,120,NULL,2,4)
,(3,80,NULL,3,10)
,(4,40,NULL,1,12)
,(5,120,NULL,0,1)
,(6,100,NULL,0,4)
,(8,50,NULL,3,8)
,(11,100,NULL,0,5)
,(12,110,NULL,0,7)
,(13,90,NULL,0,11)
,(14,80,NULL,3,10)
,(15,50,NULL,1,13)
,(17,100,NULL,0,2)
,(18,100,NULL,0,14)
,(20,120,NULL,2,11)
,(24,70,NULL,0,9)
,(25,70,NULL,0,10)
,(27,90,NULL,0,3)
,(28,90,NULL,0,6)
,(31,50,'09:00:00',0,3)
,(32,50,'09:15:00',0,3)
,(33,50,'09:30:00',0,3)
,(34,50,'09:45:00',0,3)
,(35,100,'10:00:00',0,3)
,(36,50,'10:15:00',0,3)
,(37,50,'10:30:00',0,3)
,(38,50,'06:00:00',0,5)
,(39,50,'06:08:00',0,5)
,(40,50,'06:16:00',0,5)
,(41,50,'06:24:00',0,5)
,(42,50,'06:32:00',0,5)
,(43,50,'06:40:00',0,5)
,(44,50,'06:48:00',0,5)
,(45,50,'06:56:00',0,5)
,(46,50,'07:04:00',0,5)
,(47,50,'07:12:00',0,5)
,(48,50,'07:20:00',0,5)
,(49,50,'07:28:00',0,5)
,(50,50,'07:36:00',0,5)
,(51,50,'07:44:00',0,5)
,(52,50,'07:52:00',0,5)
,(53,50,'08:00:00',0,5)
,(54,50,'09:00:00',3,6)
,(55,50,'10:00:00',3,6)
,(56,50,'11:00:00',3,6)
,(57,50,'12:00:00',3,6)
,(58,50,'09:00:00',1,7)
,(59,50,'10:00:00',1,7)
,(60,50,'11:00:00',1,7)
,(61,50,'12:00:00',1,7)
,(62,50,'08:00:00',1,9)
,(63,50,'09:00:00',1,9)
,(64,50,'10:00:00',1,9)
,(65,50,'11:00:00',1,9)
,(66,50,'12:00:00',1,9)
,(67,50,'13:00:00',1,9)
,(68,50,'14:00:00',1,9)
,(69,50,'15:00:00',1,9)
,(70,50,'16:00:00',1,9)
,(71,50,'17:00:00',1,9);


INSERT INTO public.path_station(distance_from_previous,position_on_path,time_from_previous,station_id,path_id) VALUES
 (0,1,0,1,1)
,(200,2,2.5,5,1)
,(300,3,2,7,1)
,(150,4,3,10,1)
,(175,5,1.5,8,1)
,(230,6,2.2,11,1)
,(250,7,2,15,1)
,(300,8,3,12,1)
,(340,9,2.5,4,1)
,(160,10,1,26,1)
,(175,11,1,27,1)
,(200,12,2,30,1)
,(150,13,2.5,9,1)
,(200,14,3.5,31,1)
,(180,15,2.1,42,1)
,(200,16,2.8,33,1)
,(250,17,2.5,41,1)
,(300,18,3,40,1)
,(220,19,2,35,1)
,(400,20,4,25,1)
,(180,1,0,25,2)
,(170,2,1.2,36,2)
,(200,3,1.2,39,2)
,(350,4,3,28,2)
,(150,5,2,23,2)
,(190,6,3,33,2)
,(150,7,3,21,2)
,(300,8,4,18,2)
,(290,9,2,6,2)
,(400,10,3.8,5,2)
,(200,11,2.5,1,2)
,(0,1,0,4,3)
,(200,2,3,7,3)
,(150,5,2,10,3)
,(180,8,3.2,30,3)
,(200,4,2.2,11,3)
,(210,3,2.3,31,3)
,(250,9,3,12,3)
,(190,6,2.1,32,3)
,(300,7,3.3,42,3)
,(380,10,3.3,13,3)
,(280,11,4,18,3)
,(400,14,4,29,3)
,(250,13,3,39,3)
,(300,12,3,15,3)
,(400,16,3.6,25,3)
,(600,15,4,35,3)
,(250,19,4,40,3)
,(260,17,3.1,41,3)
,(270,18,2.4,14,3)
,(0,1,0,2,4)
,(300,2,3,20,4)
,(250,3,3,10,4)
,(290,4,3,24,4)
,(310,5,3.1,14,4)
,(300,6,2.5,21,4)
,(270,7,2.8,23,4)
,(310,8,2.8,11,4)
,(300,9,3.1,13,4)
,(285,10,2.9,30,4)
,(305,11,2.9,40,4)
,(290,12,3,41,4)
,(300,13,3.5,31,4)
,(0,1,0,31,5)
,(280,2,2.8,33,5)
,(345,3,3,20,5)
,(300,4,3,21,5)
,(280,5,3.1,12,5)
,(260,6,2.4,18,5)
,(360,7,2.9,11,5)
,(380,8,3.8,40,5)
,(400,9,3.8,6,5)
,(390,10,4,42,5)
,(280,11,3,30,5)
,(0,1,0,3,6)
,(290,2,2.5,42,6)
,(350,3,2.5,32,6)
,(360,4,3,40,6)
,(240,5,3,35,6)
,(285,6,2.8,8,6)
,(305,7,2.8,30,6)
,(315,8,3,9,6)
,(300,9,3,20,6)
,(295,10,3.1,41,6)
,(350,11,3.5,21,6)
,(280,12,2.8,36,6)
,(300,13,2.9,22,6)
,(305,14,3.5,14,6)
,(315,15,3.5,10,6);

INSERT INTO operation (operation_id, operation_date) VALUES
(1,'2019-07-09'),
(2,'2019-07-09'),
(3,'2019-07-09'),
(4,'2019-07-09'),
(7,'2019-07-10'),
(8,'2019-07-10'),
(9,'2019-07-10'),
(10,'2019-07-10'),
(13,'2019-07-08'),
(14,'2019-07-08'),
(15,'2019-07-08'),
(16,'2019-07-08'),
(19,'2019-07-11'),
(20,'2019-07-11'),
(21,'2019-07-11'),
(22,'2019-07-11'),
(25,'2019-07-12'),
(26,'2019-07-12'),
(27,'2019-07-12'),
(28,'2019-07-12'),
(31,'2019-07-13'),
(32,'2019-07-13'),
(37,'2019-07-14'),
(38,'2019-07-14'),
(39,'2019-07-01'),
(40,'2019-07-01'),
(41,'2019-07-01'),
(42,'2019-07-01'),
(43,'2019-07-02'),
(44,'2019-07-02'),
(45,'2019-07-02'),
(46,'2019-07-02'),
(47,'2019-07-03'),
(48,'2019-07-03'),
(49,'2019-07-03'),
(50,'2019-07-03'),
(51,'2019-07-04'),
(52,'2019-07-04'),
(53,'2019-07-04'),
(54,'2019-07-04'),
(55,'2019-07-05'),
(56,'2019-07-05'),
(57,'2019-07-05'),
(58,'2019-07-05'),
(59,'2019-07-06'),
(60,'2019-07-06'),
(61,'2019-07-07'),
(62,'2019-07-07');

INSERT INTO public.route_ride(route_id,operation_id,start_time_id) VALUES
(3,1,1)
,(3,1,34)
,(3,1,36)
,(5,1,38)
,(5,1,42)
,(5,1,46)
,(5,1,50)
,(3,2,31)
,(3,2,33)
,(3,2,37)
,(5,2,39)
,(5,2,43)
,(5,2,45)
,(5,2,49)
,(5,2,51)
,(5,2,53)
,(3,3,32)
,(5,3,40)
,(5,3,44)
,(5,3,47)
,(3,4,1)
,(3,4,31)
,(3,4,32)
,(3,4,33)
,(3,4,34)
,(3,4,36)
,(3,4,37)

,(3,7,1)
,(3,7,34)
,(3,7,36)
,(5,7,38)
,(5,7,42)
,(5,7,46)
,(5,7,50)
,(3,8,31)
,(3,8,33)
,(3,8,37)
,(5,8,39)
,(5,8,43)
,(5,8,45)
,(5,8,49)
,(5,8,51)
,(5,8,53)
,(3,9,32)
,(5,9,40)
,(5,9,44)
,(5,9,47)
,(3,10,1)
,(3,10,31)
,(3,10,32)
,(3,10,33)
,(3,10,34)
,(3,10,36)
,(3,10,37)

,(3,13,1)
,(3,13,34)
,(3,13,36)
,(5,13,38)
,(5,13,42)
,(5,13,46)
,(5,13,50)
,(3,14,31)
,(3,14,33)
,(3,14,37)
,(5,14,39)
,(5,14,43)
,(5,14,45)
,(5,14,49)
,(5,14,51)
,(5,14,53)
,(3,15,32)
,(5,15,40)
,(5,15,44)
,(5,15,47)
,(3,16,1)
,(3,16,31)
,(3,16,32)
,(3,16,33)
,(3,16,34)
,(3,16,36)
,(3,16,37)

,(3,19,1)
,(3,19,34)
,(3,19,36)
,(5,19,38)
,(5,19,42)
,(5,19,46)
,(5,19,50)
,(3,20,31)
,(3,20,33)
,(3,20,37)
,(5,20,39)
,(5,20,43)
,(5,20,45)
,(5,20,49)
,(5,20,51)
,(5,20,53)
,(3,21,32)
,(5,21,40)
,(5,21,44)
,(5,21,47)
,(3,22,1)
,(3,22,31)
,(3,22,32)
,(3,22,33)
,(3,22,34)
,(3,22,36)
,(3,22,37)

,(3,25,1)
,(3,25,34)
,(3,25,36)
,(5,25,38)
,(5,25,42)
,(5,25,46)
,(5,25,50)
,(3,26,31)
,(3,26,33)
,(3,26,37)
,(5,26,39)
,(5,26,43)
,(5,26,45)
,(5,26,49)
,(5,26,51)
,(5,26,53)
,(3,27,32)
,(5,27,40)
,(5,27,44)
,(5,27,47)
,(3,28,1)
,(3,28,31)
,(3,28,32)
,(3,28,33)
,(3,28,34)
,(3,28,36)
,(3,28,37)

,(7,31,58)
,(7,31,59)
,(7,31,61)
,(7,31,61)
,(9,32,62)
,(9,32,62)
,(9,32,64)
,(9,32,65)
,(9,32,66)
,(9,32,67)
,(9,32,68)
,(9,32,69)
,(9,32,70)
,(9,32,71)

,(7,37,58)
,(7,37,59)
,(7,37,61)
,(7,37,61)
,(9,38,62)
,(9,38,62)
,(9,38,64)
,(9,38,65)
,(9,38,66)
,(9,38,67)
,(9,38,68)
,(9,38,69)
,(9,38,70)
,(9,38,71)

,(3,39,1)
,(3,39,34)
,(3,39,36)
,(5,39,38)
,(5,39,42)
,(5,39,46)
,(5,39,50)
,(3,40,31)
,(3,40,33)
,(3,40,37)
,(5,40,39)
,(5,40,43)
,(5,40,45)
,(5,40,49)
,(5,40,51)
,(5,40,53)
,(3,41,32)
,(5,41,40)
,(5,41,44)
,(5,41,47)
,(3,42,1)
,(3,42,31)
,(3,42,32)
,(3,42,33)
,(3,42,34)
,(3,42,36)
,(3,42,37)

,(3,43,1)
,(3,43,34)
,(3,43,36)
,(5,43,38)
,(5,43,42)
,(5,43,46)
,(5,43,50)
,(3,44,31)
,(3,44,33)
,(3,44,37)
,(5,44,39)
,(5,44,43)
,(5,44,45)
,(5,44,49)
,(5,44,51)
,(5,44,53)
,(3,45,32)
,(5,45,40)
,(5,45,44)
,(5,45,47)
,(3,46,1)
,(3,46,31)
,(3,46,32)
,(3,46,33)
,(3,46,34)
,(3,46,36)
,(3,46,37)

,(3,47,1)
,(3,47,34)
,(3,47,36)
,(5,47,38)
,(5,47,42)
,(5,47,46)
,(5,47,50)
,(3,48,31)
,(3,48,33)
,(3,48,37)
,(5,48,39)
,(5,48,43)
,(5,48,45)
,(5,48,49)
,(5,48,51)
,(5,48,53)
,(3,49,32)
,(5,49,40)
,(5,49,44)
,(5,49,47)
,(3,50,1)
,(3,50,31)
,(3,50,32)
,(3,50,33)
,(3,50,34)
,(3,50,36)
,(3,50,37)

,(3,51,1)
,(3,51,34)
,(3,51,36)
,(5,51,38)
,(5,51,42)
,(5,51,46)
,(5,51,50)
,(3,52,31)
,(3,52,33)
,(3,52,37)
,(5,52,39)
,(5,52,43)
,(5,52,45)
,(5,52,49)
,(5,52,51)
,(5,52,53)
,(3,53,32)
,(5,53,40)
,(5,53,44)
,(5,53,47)
,(3,54,1)
,(3,54,31)
,(3,54,32)
,(3,54,33)
,(3,54,34)
,(3,54,36)
,(3,54,37)

,(3,55,1)
,(3,55,34)
,(3,55,36)
,(5,55,38)
,(5,55,42)
,(5,55,46)
,(5,55,50)
,(3,56,31)
,(3,56,33)
,(3,56,37)
,(5,56,39)
,(5,56,43)
,(5,56,45)
,(5,56,49)
,(5,56,51)
,(5,56,53)
,(3,57,32)
,(5,57,40)
,(5,57,44)
,(5,57,47)
,(3,58,1)
,(3,58,31)
,(3,58,32)
,(3,58,33)
,(3,58,34)
,(3,58,36)
,(3,58,37)

,(7,59,58)
,(7,59,59)
,(7,59,61)
,(7,59,61)
,(9,60,62)
,(9,60,62)
,(9,60,64)
,(9,60,65)
,(9,60,66)
,(9,60,67)
,(9,60,68)
,(9,60,69)
,(9,60,70)
,(9,60,71)

,(7,61,58)
,(7,61,59)
,(7,61,61)
,(7,61,61)
,(9,62,62)
,(9,62,62)
,(9,62,64)
,(9,62,65)
,(9,62,66)
,(9,62,67)
,(9,62,68)
,(9,62,69)
,(9,62,70)
,(9,62,71)
;