INSERT INTO public.station(station_id,short_name,station_name) VALUES
 (1,'BHF-WEST','Bahnhof West')
,(2,'BHF-OST','Bahnof Ost')
,(3,'BHF-SUED','Bahnhof Sued')
,(4,'BHF-NORD','Bahnhof Nord')
,(5,'SH','Seehof')
,(6,'SB','Saegerbruecke')
,(7,'MG','Messegelände')
,(8,'BP','Busplatz')
,(9,'KH','Kirchhof')
,(10,'MP','Marktplatz')
,(11,'HP','Hofplatz')
,(12,'WP','Wirtpark')
,(13,'FH','Friedhoffen')
,(14,'AB','Aberhof')
,(15,'AH','Ackerhof')
,(16,'GA','Gemeindeamt')
,(17,'LKH','Landeskrankenhaus')
,(18,'SBD','Strandbad')
,(19,'ZM','Zentrum')
,(20,'GB','Gewerbehof')
,(21,'RH','Rathaus')
,(22,'HSP','Hochschulplatz')
,(23,'MI','Miralbellplatz')
,(24,'BW','Bärenwirt')
,(25,'FHP','Ferdinand-Hanusch-Platz')
,(26,'LBH','Lehrbauhof')
,(27,'MRW','Mueller-Rundegg-Weg')
,(28,'HL','Hochleitner')
,(29,'VS','Volksschule')
,(30,'IG','Industriegebiet')
,(31,'WSP','Wirtschaftspark')
,(32,'MAG','Marktgasse')
,(33,'ACH','Ach')
,(34,'MSE','Musikschule')
,(35,'SPZ','Stadtplatz')
,(36,'BH','Bildnerhof')
,(37,'KW','Kornweg')
,(38,'HS','Holzstrasse')
,(39,'STG','Steckgasse')
,(40,'RA','Rosenau')
,(41,'WDF','Wiesendorf')
,(42,'NM','Neumarkt');

INSERT INTO public.bus(bus_id,maintenance_km,licence_number,make,model,registration_date,seat_places,stand_places) VALUES
 (1,12000,'K-A12-B3','mercedes-benz','O 405 N','2004-09-11',38,68)
,(2,12001,'K-A12-B4','mercedes-benz','O 405 N','2007-06-23',38,68)
,(3,12002,'K-A12-B5','mercedes-benz','O 405 N','2010-04-03',38,68)
,(4,12003,'K-A12-B6','mercedes-benz','O 405 N','2013-01-12',38,68)
,(5,12004,'K-A12-B7','mercedes-benz','O 405 N','2015-10-24',38,68)
,(6,12005,'K-A12-B8','mercedes-benz','O 405 N','2018-08-04',38,68)
,(7,12006,'K-A12-B9','mercedes-benz','O 405 N','2012-05-15',38,68)
,(8,12007,'K-A12-B10','mercedes-benz','O 405 N','1999-02-24',38,68)
,(9,12008,'K-A12-B11','mercedes-benz','O 405 N','2008-12-05',38,68)
,(10,12009,'K-A12-B12','mercedes-benz','O 405 N','2002-09-15',38,68)
,(11,12010,'K-A12-B13','mercedes-benz','O 405 N','2014-06-26',38,68)
,(12,12011,'K-A12-B14','mercedes-benz','O 405 N','2000-04-07',38,68)
,(13,12012,'K-A12-B15','mercedes-benz','O 405 N','1996-01-16',38,68)
,(14,12013,'K-A12-B16','mercedes-benz','O 405 N','2015-10-27',38,68)
,(15,12014,'K-A12-B17','mercedes-benz','O 405 N','2010-08-08',38,68)
,(16,12015,'K-A12-B18','mercedes-benz','O 405 N','2015-05-19',38,68)
,(17,12016,'K-A12-B19','mercedes-benz','O 405 N','2018-02-27',38,68)
,(18,12017,'K-A12-B20','mercedes-benz','O 405 N','2016-12-09',38,68)
,(19,12018,'K-A12-B21','mercedes-benz','O 404','2017-09-19',61,0)
,(20,12019,'K-A12-B22','mercedes-benz','O 404','2014-06-30',61,0)
,(21,12020,'K-A12-B23','mercedes-benz','O 404','2006-04-10',61,0)
,(22,12021,'K-A12-B24','mercedes-benz','O 404','2002-01-20',61,0)
,(23,12022,'K-A12-B25','mercedes-benz','O 404','2011-10-31',61,0)
,(24,12023,'K-A12-B26','mercedes-benz','O 404','2003-08-11',61,0)
,(25,12024,'K-A12-B27','mercedes-benz','O 404','2014-05-23',61,0)
,(26,12025,'K-A12-B28','mercedes-benz','O 404','2003-03-03',61,0)
,(27,12026,'K-A12-B29','mercedes-benz','O 404','2009-12-12',61,0)
,(28,12027,'K-A12-B30','mercedes-benz','O 404','2015-09-23',61,0)
,(29,12028,'K-A12-B31','mercedes-benz','O 404','2000-07-04',61,0)
,(30,12029,'K-A12-B32','mercedes-benz','O 404','1999-04-14',61,0)
,(31,12030,'K-A12-B33','mercedes-benz','O 404','2016-01-24',61,0)
,(32,12031,'K-A12-B34','mercedes-benz','O 404','2090-11-04',61,0)
,(33,12032,'K-A12-B35','mercedes-benz','O 404','2013-08-15',61,0)
,(34,12033,'K-A12-B36','mercedes-benz','O 404','2004-05-26',61,0)
,(35,12034,'K-A12-B37','mercedes-benz','O 404','2009-03-07',61,0)
,(36,12035,'K-A12-B38','mercedes-benz','O 404','2001-12-17',61,0)
,(37,12036,'K-A12-B39','mercedes-benz','O 404','2004-09-27',61,0)
,(38,12037,'K-A12-B40','mercedes-benz','O 404','2007-07-09',61,0)
,(39,12038,'K-A12-B41','mercedes-benz','O 530 Citaro','2010-04-19',68,90)
,(40,12039,'K-A12-B42','mercedes-benz','O 530 Citaro','2013-01-28',68,90)
,(41,12040,'K-A12-B43','mercedes-benz','O 530 Citaro','2015-11-09',68,90)
,(42,12041,'K-A12-B44','mercedes-benz','O 530 Citaro','2018-08-20',68,90)
,(43,12042,'K-A12-B45','mercedes-benz','O 530 Citaro','2009-05-31',68,90)
,(44,12043,'K-A12-B46','mercedes-benz','O 530 Citaro','2012-03-11',68,90)
,(45,12044,'K-A12-B47','mercedes-benz','O 530 Citaro','2012-12-21',68,90)
,(46,12045,'K-A12-B48','mercedes-benz','O 530 Citaro','2010-10-01',68,90)
,(47,12046,'K-A12-B49','mercedes-benz','O 530 Citaro','2004-07-12',68,90)
,(48,12047,'K-A12-B50','mercedes-benz','O 530 Citaro','2013-04-23',68,90)
,(49,12048,'K-A12-B51','mercedes-benz','O 530 Citaro','2005-02-01',68,90)
,(50,12049,'K-A12-B52','mercedes-benz','O 530 Citaro','2007-11-12',68,90)
,(51,12050,'K-A12-B53','mercedes-benz','O 530 Citaro','2012-08-24',68,90)
,(52,12051,'K-A12-B54','mercedes-benz','O 530 Citaro','2011-06-04',68,90)
,(53,12052,'K-A12-B55','mercedes-benz','O 530 Citaro','2004-03-15',68,90)
,(54,12053,'K-A12-B56','mercedes-benz','O 530 Citaro','2008-12-25',68,90)
,(55,12054,'K-A12-B57','mercedes-benz','O 530 Citaro','2006-10-05',68,90)
,(56,12055,'K-A12-B58','mercedes-benz','O 530 Citaro','2017-07-16',68,90)
,(57,12056,'K-A12-B59','mercedes-benz','O 530 Citaro','2011-04-26',68,90)
,(58,12057,'K-A12-B60','mercedes-benz','O 530 Citaro','2005-02-05',68,90)
,(59,12058,'K-A12-B61','mercedes-benz','O 530 Citaro','2006-10-05',68,90)
,(60,12059,'K-A12-B62','mercedes-benz','O 530 Citaro','2017-07-16',68,90);

INSERT INTO public.route(route_id,route_number,variation,valid_from,valid_to) VALUES
 (1,22,NULL,'2019-01-01','2019-12-31')
,(2,20,NULL,'2019-01-01','2019-12-31')
,(3,21,NULL,'2019-01-01','2020-12-31')
,(4,10,NULL,'2019-01-01','2020-12-31')
,(5,13,NULL,'2019-01-01','2019-12-31')
,(6,53,NULL,'2018-01-01','2019-12-31')
,(7,23,NULL,'2018-01-01','2019-12-31')
,(8,1,NULL,'2017-01-01','2019-12-31')
,(9,47,NULL,'2019-01-01','2020-12-31')
,(10,52,NULL,'2018-01-01','2020-12-31')
,(11,18,NULL,'2019-01-01','2020-12-31')
,(12,16,NULL,'2019-01-01','2020-12-31')
,(13,40,NULL,'2019-01-01','2020-12-31')
,(14,9,NULL,'2019-01-01','2019-12-31');

INSERT INTO public.path(path_id,path_description,route_id) VALUES
 (1,'Uebersee',1)
,(2,'Buchen',2)
,(3,'Sachsen',3)
,(4,'Wuerdberg',4)
,(5,'Ktour',5)
,(6,'Stadttour',6)
,(7,'Seetour',7)
,(8,'Schulweg',8)
,(9,'Siegerpfad',9)
,(10,'Silberpfad',10)
,(11,'Gasthausen',11)
,(12,'Khausen',12)
,(13,'Stadttour',13)
,(14,'Seetour',14);

-- WEEKDAY = 0
-- SATURDAY = 1
-- SCHOOLDAY = 2
-- HOLIDAY = 3
-- 
INSERT INTO public.start_time(start_time_id,required_capacity,start_time,start_time_type,path_id) VALUES
 (1,50,'08:45:00',0,3)
,(2,120,NULL,2,4)
,(3,80,NULL,3,10)
,(4,40,NULL,1,12)
,(5,120,NULL,0,1)
,(6,100,NULL,0,4)
,(8,50,NULL,3,8)
,(11,100,NULL,0,5)
,(12,110,NULL,0,7)
,(13,90,NULL,0,11)
,(14,80,NULL,3,10)
,(15,50,NULL,1,13)
,(17,100,NULL,0,2)
,(18,100,NULL,0,14)
,(20,120,NULL,2,11)
,(24,70,NULL,0,9)
,(25,70,NULL,0,10)
,(27,90,NULL,0,3)
,(28,90,NULL,0,6)
,(31,50,'09:00:00',0,3)
,(32,50,'09:15:00',0,3)
,(33,50,'09:30:00',0,3)
,(34,50,'09:45:00',0,3)
,(35,100,'10:00:00',0,3)
,(36,50,'10:15:00',0,3)
,(37,50,'10:30:00',0,3)
,(38,50,'06:00:00',0,5)
,(39,50,'06:08:00',0,5)
,(40,50,'06:16:00',0,5)
,(41,50,'06:24:00',0,5)
,(42,50,'06:32:00',0,5)
,(43,50,'06:40:00',0,5)
,(44,50,'06:48:00',0,5)
,(45,50,'06:56:00',0,5)
,(46,50,'07:04:00',0,5)
,(47,50,'07:12:00',0,5)
,(48,50,'07:20:00',0,5)
,(49,50,'07:28:00',0,5)
,(50,50,'07:36:00',0,5)
,(51,50,'07:44:00',0,5)
,(52,50,'07:52:00',0,5)
,(53,50,'08:00:00',0,5)
,(54,50,'09:00:00',3,6)
,(55,50,'10:00:00',3,6)
,(56,50,'11:00:00',3,6)
,(57,50,'12:00:00',3,6)
,(58,50,'09:00:00',1,7)
,(59,50,'10:00:00',1,7)
,(60,50,'11:00:00',1,7)
,(61,50,'12:00:00',1,7)
,(62,50,'08:00:00',1,9)
,(63,50,'09:00:00',1,9)
,(64,50,'10:00:00',1,9)
,(65,50,'11:00:00',1,9)
,(66,50,'12:00:00',1,9)
,(67,50,'13:00:00',1,9)
,(68,50,'14:00:00',1,9)
,(69,50,'15:00:00',1,9)
,(70,50,'16:00:00',1,9)
,(71,50,'17:00:00',1,9);


INSERT INTO public.path_station(distance_from_previous,position_on_path,time_from_previous,station_id,path_id) VALUES
 (0,1,0,1,1)
,(200,2,2.5,5,1)
,(300,3,2,7,1)
,(150,4,3,10,1)
,(175,5,1.5,8,1)
,(230,6,2.2,11,1)
,(250,7,2,15,1)
,(300,8,3,12,1)
,(340,9,2.5,4,1)
,(160,10,1,26,1)
,(175,11,1,27,1)
,(200,12,2,30,1)
,(150,13,2.5,9,1)
,(200,14,3.5,31,1)
,(180,15,2.1,42,1)
,(200,16,2.8,33,1)
,(250,17,2.5,41,1)
,(300,18,3,40,1)
,(220,19,2,35,1)
,(400,20,4,25,1)
,(180,1,0,25,2)
,(170,2,1.2,36,2)
,(200,3,1.2,39,2)
,(350,4,3,28,2)
,(150,5,2,23,2)
,(190,6,3,33,2)
,(150,7,3,21,2)
,(300,8,4,18,2)
,(290,9,2,6,2)
,(400,10,3.8,5,2)
,(200,11,2.5,1,2)
,(0,1,0,4,3)
,(200,2,3,7,3)
,(150,5,2,10,3)
,(180,8,3.2,30,3)
,(200,4,2.2,11,3)
,(210,3,2.3,31,3)
,(250,9,3,12,3)
,(190,6,2.1,32,3)
,(300,7,3.3,42,3)
,(380,10,3.3,13,3)
,(280,11,4,18,3)
,(400,14,4,29,3)
,(250,13,3,39,3)
,(300,12,3,15,3)
,(400,16,3.6,25,3)
,(600,15,4,35,3)
,(250,19,4,40,3)
,(260,17,3.1,41,3)
,(270,18,2.4,14,3)
,(0,1,0,2,4)
,(300,2,3,20,4)
,(250,3,3,10,4)
,(290,4,3,24,4)
,(310,5,3.1,14,4)
,(300,6,2.5,21,4)
,(270,7,2.8,23,4)
,(310,8,2.8,11,4)
,(300,9,3.1,13,4)
,(285,10,2.9,30,4)
,(305,11,2.9,40,4)
,(290,12,3,41,4)
,(300,13,3.5,31,4)
,(0,1,0,31,5)
,(280,2,2.8,33,5)
,(345,3,3,20,5)
,(300,4,3,21,5)
,(280,5,3.1,12,5)
,(260,6,2.4,18,5)
,(360,7,2.9,11,5)
,(380,8,3.8,40,5)
,(400,9,3.8,6,5)
,(390,10,4,42,5)
,(280,11,3,30,5)
,(0,1,0,3,6)
,(290,2,2.5,42,6)
,(350,3,2.5,32,6)
,(360,4,3,40,6)
,(240,5,3,35,6)
,(285,6,2.8,8,6)
,(305,7,2.8,30,6)
,(315,8,3,9,6)
,(300,9,3,20,6)
,(295,10,3.1,41,6)
,(350,11,3.5,21,6)
,(280,12,2.8,36,6)
,(300,13,2.9,22,6)
,(305,14,3.5,14,6)
,(315,15,3.5,10,6);

INSERT INTO operation (operation_id, operation_date) VALUES
(1,'2019-07-09'),
(2,'2019-07-09'),
(3,'2019-07-09'),
(4,'2019-07-09'),
(7,'2019-07-10'),
(8,'2019-07-10'),
(9,'2019-07-10'),
(10,'2019-07-10'),
(13,'2019-07-08'),
(14,'2019-07-08'),
(15,'2019-07-08'),
(16,'2019-07-08'),
(19,'2019-07-11'),
(20,'2019-07-11'),
(21,'2019-07-11'),
(22,'2019-07-11'),
(25,'2019-07-12'),
(26,'2019-07-12'),
(27,'2019-07-12'),
(28,'2019-07-12'),
(31,'2019-07-13'),
(32,'2019-07-13'),
(37,'2019-07-14'),
(38,'2019-07-14'),
(39,'2019-07-01'),
(40,'2019-07-01'),
(41,'2019-07-01'),
(42,'2019-07-01'),
(43,'2019-07-02'),
(44,'2019-07-02'),
(45,'2019-07-02'),
(46,'2019-07-02'),
(47,'2019-07-03'),
(48,'2019-07-03'),
(49,'2019-07-03'),
(50,'2019-07-03'),
(51,'2019-07-04'),
(52,'2019-07-04'),
(53,'2019-07-04'),
(54,'2019-07-04'),
(55,'2019-07-05'),
(56,'2019-07-05'),
(57,'2019-07-05'),
(58,'2019-07-05'),
(59,'2019-07-06'),
(60,'2019-07-06'),
(61,'2019-07-07'),
(62,'2019-07-07');

INSERT INTO public.route_ride VALUES (1, 3, 1);
INSERT INTO public.route_ride VALUES (2, 3, 34);
INSERT INTO public.route_ride VALUES (3, 3, 36);
INSERT INTO public.route_ride VALUES (4, 5, 38);
INSERT INTO public.route_ride VALUES (5, 5, 42);
INSERT INTO public.route_ride VALUES (6, 5, 46);
INSERT INTO public.route_ride VALUES (7, 5, 50);
INSERT INTO public.route_ride VALUES (8, 3, 31);
INSERT INTO public.route_ride VALUES (9, 3, 33);
INSERT INTO public.route_ride VALUES (10, 3, 37);
INSERT INTO public.route_ride VALUES (11, 5, 39);
INSERT INTO public.route_ride VALUES (12, 5, 43);
INSERT INTO public.route_ride VALUES (13, 5, 45);
INSERT INTO public.route_ride VALUES (14, 5, 49);
INSERT INTO public.route_ride VALUES (15, 5, 51);
INSERT INTO public.route_ride VALUES (16, 5, 53);
INSERT INTO public.route_ride VALUES (17, 3, 32);
INSERT INTO public.route_ride VALUES (18, 5, 40);
INSERT INTO public.route_ride VALUES (19, 5, 44);
INSERT INTO public.route_ride VALUES (20, 5, 47);
INSERT INTO public.route_ride VALUES (21, 3, 1);
INSERT INTO public.route_ride VALUES (22, 3, 31);
INSERT INTO public.route_ride VALUES (23, 3, 32);
INSERT INTO public.route_ride VALUES (24, 3, 33);
INSERT INTO public.route_ride VALUES (25, 3, 34);
INSERT INTO public.route_ride VALUES (26, 3, 36);
INSERT INTO public.route_ride VALUES (27, 3, 37);
INSERT INTO public.route_ride VALUES (28, 3, 1);
INSERT INTO public.route_ride VALUES (29, 3, 34);
INSERT INTO public.route_ride VALUES (30, 3, 36);
INSERT INTO public.route_ride VALUES (31, 5, 38);
INSERT INTO public.route_ride VALUES (32, 5, 42);
INSERT INTO public.route_ride VALUES (33, 5, 46);
INSERT INTO public.route_ride VALUES (34, 5, 50);
INSERT INTO public.route_ride VALUES (35, 3, 31);
INSERT INTO public.route_ride VALUES (36, 3, 33);
INSERT INTO public.route_ride VALUES (37, 3, 37);
INSERT INTO public.route_ride VALUES (38, 5, 39);
INSERT INTO public.route_ride VALUES (39, 5, 43);
INSERT INTO public.route_ride VALUES (40, 5, 45);
INSERT INTO public.route_ride VALUES (41, 5, 49);
INSERT INTO public.route_ride VALUES (42, 5, 51);
INSERT INTO public.route_ride VALUES (43, 5, 53);
INSERT INTO public.route_ride VALUES (44, 3, 32);
INSERT INTO public.route_ride VALUES (45, 5, 40);
INSERT INTO public.route_ride VALUES (46, 5, 44);
INSERT INTO public.route_ride VALUES (47, 5, 47);
INSERT INTO public.route_ride VALUES (48, 3, 1);
INSERT INTO public.route_ride VALUES (49, 3, 31);
INSERT INTO public.route_ride VALUES (50, 3, 32);
INSERT INTO public.route_ride VALUES (51, 3, 33);
INSERT INTO public.route_ride VALUES (52, 3, 34);
INSERT INTO public.route_ride VALUES (53, 3, 36);
INSERT INTO public.route_ride VALUES (54, 3, 37);
INSERT INTO public.route_ride VALUES (55, 3, 1);
INSERT INTO public.route_ride VALUES (56, 3, 34);
INSERT INTO public.route_ride VALUES (57, 3, 36);
INSERT INTO public.route_ride VALUES (58, 5, 38);
INSERT INTO public.route_ride VALUES (59, 5, 42);
INSERT INTO public.route_ride VALUES (60, 5, 46);
INSERT INTO public.route_ride VALUES (61, 5, 50);
INSERT INTO public.route_ride VALUES (62, 3, 31);
INSERT INTO public.route_ride VALUES (63, 3, 33);
INSERT INTO public.route_ride VALUES (64, 3, 37);
INSERT INTO public.route_ride VALUES (65, 5, 39);
INSERT INTO public.route_ride VALUES (66, 5, 43);
INSERT INTO public.route_ride VALUES (67, 5, 45);
INSERT INTO public.route_ride VALUES (68, 5, 49);
INSERT INTO public.route_ride VALUES (69, 5, 51);
INSERT INTO public.route_ride VALUES (70, 5, 53);
INSERT INTO public.route_ride VALUES (71, 3, 32);
INSERT INTO public.route_ride VALUES (72, 5, 40);
INSERT INTO public.route_ride VALUES (73, 5, 44);
INSERT INTO public.route_ride VALUES (74, 5, 47);
INSERT INTO public.route_ride VALUES (75, 3, 1);
INSERT INTO public.route_ride VALUES (76, 3, 31);
INSERT INTO public.route_ride VALUES (77, 3, 32);
INSERT INTO public.route_ride VALUES (78, 3, 33);
INSERT INTO public.route_ride VALUES (79, 3, 34);
INSERT INTO public.route_ride VALUES (80, 3, 36);
INSERT INTO public.route_ride VALUES (81, 3, 37);
INSERT INTO public.route_ride VALUES (82, 3, 1);
INSERT INTO public.route_ride VALUES (83, 3, 34);
INSERT INTO public.route_ride VALUES (84, 3, 36);
INSERT INTO public.route_ride VALUES (85, 5, 38);
INSERT INTO public.route_ride VALUES (86, 5, 42);
INSERT INTO public.route_ride VALUES (87, 5, 46);
INSERT INTO public.route_ride VALUES (88, 5, 50);
INSERT INTO public.route_ride VALUES (89, 3, 31);
INSERT INTO public.route_ride VALUES (90, 3, 33);
INSERT INTO public.route_ride VALUES (91, 3, 37);
INSERT INTO public.route_ride VALUES (92, 5, 39);
INSERT INTO public.route_ride VALUES (93, 5, 43);
INSERT INTO public.route_ride VALUES (94, 5, 45);
INSERT INTO public.route_ride VALUES (95, 5, 49);
INSERT INTO public.route_ride VALUES (96, 5, 51);
INSERT INTO public.route_ride VALUES (97, 5, 53);
INSERT INTO public.route_ride VALUES (98, 3, 32);
INSERT INTO public.route_ride VALUES (99, 5, 40);
INSERT INTO public.route_ride VALUES (100, 5, 44);
INSERT INTO public.route_ride VALUES (101, 5, 47);
INSERT INTO public.route_ride VALUES (102, 3, 1);
INSERT INTO public.route_ride VALUES (103, 3, 31);
INSERT INTO public.route_ride VALUES (104, 3, 32);
INSERT INTO public.route_ride VALUES (105, 3, 33);
INSERT INTO public.route_ride VALUES (106, 3, 34);
INSERT INTO public.route_ride VALUES (107, 3, 36);
INSERT INTO public.route_ride VALUES (108, 3, 37);
INSERT INTO public.route_ride VALUES (109, 3, 1);
INSERT INTO public.route_ride VALUES (110, 3, 34);
INSERT INTO public.route_ride VALUES (111, 3, 36);
INSERT INTO public.route_ride VALUES (112, 5, 38);
INSERT INTO public.route_ride VALUES (113, 5, 42);
INSERT INTO public.route_ride VALUES (114, 5, 46);
INSERT INTO public.route_ride VALUES (115, 5, 50);
INSERT INTO public.route_ride VALUES (116, 3, 31);
INSERT INTO public.route_ride VALUES (117, 3, 33);
INSERT INTO public.route_ride VALUES (118, 3, 37);
INSERT INTO public.route_ride VALUES (119, 5, 39);
INSERT INTO public.route_ride VALUES (120, 5, 43);
INSERT INTO public.route_ride VALUES (121, 5, 45);
INSERT INTO public.route_ride VALUES (122, 5, 49);
INSERT INTO public.route_ride VALUES (123, 5, 51);
INSERT INTO public.route_ride VALUES (124, 5, 53);
INSERT INTO public.route_ride VALUES (125, 3, 32);
INSERT INTO public.route_ride VALUES (126, 5, 40);
INSERT INTO public.route_ride VALUES (127, 5, 44);
INSERT INTO public.route_ride VALUES (128, 5, 47);
INSERT INTO public.route_ride VALUES (129, 3, 1);
INSERT INTO public.route_ride VALUES (130, 3, 31);
INSERT INTO public.route_ride VALUES (131, 3, 32);
INSERT INTO public.route_ride VALUES (132, 3, 33);
INSERT INTO public.route_ride VALUES (133, 3, 34);
INSERT INTO public.route_ride VALUES (134, 3, 36);
INSERT INTO public.route_ride VALUES (135, 3, 37);
INSERT INTO public.route_ride VALUES (136, 7, 58);
INSERT INTO public.route_ride VALUES (137, 7, 59);
INSERT INTO public.route_ride VALUES (138, 7, 61);
INSERT INTO public.route_ride VALUES (139, 7, 61);
INSERT INTO public.route_ride VALUES (140, 9, 62);
INSERT INTO public.route_ride VALUES (141, 9, 62);
INSERT INTO public.route_ride VALUES (142, 9, 64);
INSERT INTO public.route_ride VALUES (143, 9, 65);
INSERT INTO public.route_ride VALUES (144, 9, 66);
INSERT INTO public.route_ride VALUES (145, 9, 67);
INSERT INTO public.route_ride VALUES (146, 9, 68);
INSERT INTO public.route_ride VALUES (147, 9, 69);
INSERT INTO public.route_ride VALUES (148, 9, 70);
INSERT INTO public.route_ride VALUES (149, 9, 71);
INSERT INTO public.route_ride VALUES (150, 7, 58);
INSERT INTO public.route_ride VALUES (151, 7, 59);
INSERT INTO public.route_ride VALUES (152, 7, 61);
INSERT INTO public.route_ride VALUES (153, 7, 61);
INSERT INTO public.route_ride VALUES (154, 9, 62);
INSERT INTO public.route_ride VALUES (155, 9, 62);
INSERT INTO public.route_ride VALUES (156, 9, 64);
INSERT INTO public.route_ride VALUES (157, 9, 65);
INSERT INTO public.route_ride VALUES (158, 9, 66);
INSERT INTO public.route_ride VALUES (159, 9, 67);
INSERT INTO public.route_ride VALUES (160, 9, 68);
INSERT INTO public.route_ride VALUES (161, 9, 69);
INSERT INTO public.route_ride VALUES (162, 9, 70);
INSERT INTO public.route_ride VALUES (163, 9, 71);
INSERT INTO public.route_ride VALUES (164, 3, 1);
INSERT INTO public.route_ride VALUES (165, 3, 34);
INSERT INTO public.route_ride VALUES (166, 3, 36);
INSERT INTO public.route_ride VALUES (167, 5, 38);
INSERT INTO public.route_ride VALUES (168, 5, 42);
INSERT INTO public.route_ride VALUES (169, 5, 46);
INSERT INTO public.route_ride VALUES (170, 5, 50);
INSERT INTO public.route_ride VALUES (171, 3, 31);
INSERT INTO public.route_ride VALUES (172, 3, 33);
INSERT INTO public.route_ride VALUES (173, 3, 37);
INSERT INTO public.route_ride VALUES (174, 5, 39);
INSERT INTO public.route_ride VALUES (175, 5, 43);
INSERT INTO public.route_ride VALUES (176, 5, 45);
INSERT INTO public.route_ride VALUES (177, 5, 49);
INSERT INTO public.route_ride VALUES (178, 5, 51);
INSERT INTO public.route_ride VALUES (179, 5, 53);
INSERT INTO public.route_ride VALUES (180, 3, 32);
INSERT INTO public.route_ride VALUES (181, 5, 40);
INSERT INTO public.route_ride VALUES (182, 5, 44);
INSERT INTO public.route_ride VALUES (183, 5, 47);
INSERT INTO public.route_ride VALUES (184, 3, 1);
INSERT INTO public.route_ride VALUES (185, 3, 31);
INSERT INTO public.route_ride VALUES (186, 3, 32);
INSERT INTO public.route_ride VALUES (187, 3, 33);
INSERT INTO public.route_ride VALUES (188, 3, 34);
INSERT INTO public.route_ride VALUES (189, 3, 36);
INSERT INTO public.route_ride VALUES (190, 3, 37);
INSERT INTO public.route_ride VALUES (191, 3, 1);
INSERT INTO public.route_ride VALUES (192, 3, 34);
INSERT INTO public.route_ride VALUES (193, 3, 36);
INSERT INTO public.route_ride VALUES (194, 5, 38);
INSERT INTO public.route_ride VALUES (195, 5, 42);
INSERT INTO public.route_ride VALUES (196, 5, 46);
INSERT INTO public.route_ride VALUES (197, 5, 50);
INSERT INTO public.route_ride VALUES (198, 3, 31);
INSERT INTO public.route_ride VALUES (199, 3, 33);
INSERT INTO public.route_ride VALUES (200, 3, 37);
INSERT INTO public.route_ride VALUES (201, 5, 39);
INSERT INTO public.route_ride VALUES (202, 5, 43);
INSERT INTO public.route_ride VALUES (203, 5, 45);
INSERT INTO public.route_ride VALUES (204, 5, 49);
INSERT INTO public.route_ride VALUES (205, 5, 51);
INSERT INTO public.route_ride VALUES (206, 5, 53);
INSERT INTO public.route_ride VALUES (207, 3, 32);
INSERT INTO public.route_ride VALUES (208, 5, 40);
INSERT INTO public.route_ride VALUES (209, 5, 44);
INSERT INTO public.route_ride VALUES (210, 5, 47);
INSERT INTO public.route_ride VALUES (211, 3, 1);
INSERT INTO public.route_ride VALUES (212, 3, 31);
INSERT INTO public.route_ride VALUES (213, 3, 32);
INSERT INTO public.route_ride VALUES (214, 3, 33);
INSERT INTO public.route_ride VALUES (215, 3, 34);
INSERT INTO public.route_ride VALUES (216, 3, 36);
INSERT INTO public.route_ride VALUES (217, 3, 37);
INSERT INTO public.route_ride VALUES (218, 3, 1);
INSERT INTO public.route_ride VALUES (219, 3, 34);
INSERT INTO public.route_ride VALUES (220, 3, 36);
INSERT INTO public.route_ride VALUES (221, 5, 38);
INSERT INTO public.route_ride VALUES (222, 5, 42);
INSERT INTO public.route_ride VALUES (223, 5, 46);
INSERT INTO public.route_ride VALUES (224, 5, 50);
INSERT INTO public.route_ride VALUES (225, 3, 31);
INSERT INTO public.route_ride VALUES (226, 3, 33);
INSERT INTO public.route_ride VALUES (227, 3, 37);
INSERT INTO public.route_ride VALUES (228, 5, 39);
INSERT INTO public.route_ride VALUES (229, 5, 43);
INSERT INTO public.route_ride VALUES (230, 5, 45);
INSERT INTO public.route_ride VALUES (231, 5, 49);
INSERT INTO public.route_ride VALUES (232, 5, 51);
INSERT INTO public.route_ride VALUES (233, 5, 53);
INSERT INTO public.route_ride VALUES (234, 3, 32);
INSERT INTO public.route_ride VALUES (235, 5, 40);
INSERT INTO public.route_ride VALUES (236, 5, 44);
INSERT INTO public.route_ride VALUES (237, 5, 47);
INSERT INTO public.route_ride VALUES (238, 3, 1);
INSERT INTO public.route_ride VALUES (239, 3, 31);
INSERT INTO public.route_ride VALUES (240, 3, 32);
INSERT INTO public.route_ride VALUES (241, 3, 33);
INSERT INTO public.route_ride VALUES (242, 3, 34);
INSERT INTO public.route_ride VALUES (243, 3, 36);
INSERT INTO public.route_ride VALUES (244, 3, 37);
INSERT INTO public.route_ride VALUES (245, 3, 1);
INSERT INTO public.route_ride VALUES (246, 3, 34);
INSERT INTO public.route_ride VALUES (247, 3, 36);
INSERT INTO public.route_ride VALUES (248, 5, 38);
INSERT INTO public.route_ride VALUES (249, 5, 42);
INSERT INTO public.route_ride VALUES (250, 5, 46);
INSERT INTO public.route_ride VALUES (251, 5, 50);
INSERT INTO public.route_ride VALUES (252, 3, 31);
INSERT INTO public.route_ride VALUES (253, 3, 33);
INSERT INTO public.route_ride VALUES (254, 3, 37);
INSERT INTO public.route_ride VALUES (255, 5, 39);
INSERT INTO public.route_ride VALUES (256, 5, 43);
INSERT INTO public.route_ride VALUES (257, 5, 45);
INSERT INTO public.route_ride VALUES (258, 5, 49);
INSERT INTO public.route_ride VALUES (259, 5, 51);
INSERT INTO public.route_ride VALUES (260, 5, 53);
INSERT INTO public.route_ride VALUES (261, 3, 32);
INSERT INTO public.route_ride VALUES (262, 5, 40);
INSERT INTO public.route_ride VALUES (263, 5, 44);
INSERT INTO public.route_ride VALUES (264, 5, 47);
INSERT INTO public.route_ride VALUES (265, 3, 1);
INSERT INTO public.route_ride VALUES (266, 3, 31);
INSERT INTO public.route_ride VALUES (267, 3, 32);
INSERT INTO public.route_ride VALUES (268, 3, 33);
INSERT INTO public.route_ride VALUES (269, 3, 34);
INSERT INTO public.route_ride VALUES (270, 3, 36);
INSERT INTO public.route_ride VALUES (271, 3, 37);
INSERT INTO public.route_ride VALUES (272, 3, 1);
INSERT INTO public.route_ride VALUES (273, 3, 34);
INSERT INTO public.route_ride VALUES (274, 3, 36);
INSERT INTO public.route_ride VALUES (275, 5, 38);
INSERT INTO public.route_ride VALUES (276, 5, 42);
INSERT INTO public.route_ride VALUES (277, 5, 46);
INSERT INTO public.route_ride VALUES (278, 5, 50);
INSERT INTO public.route_ride VALUES (279, 3, 31);
INSERT INTO public.route_ride VALUES (280, 3, 33);
INSERT INTO public.route_ride VALUES (281, 3, 37);
INSERT INTO public.route_ride VALUES (282, 5, 39);
INSERT INTO public.route_ride VALUES (283, 5, 43);
INSERT INTO public.route_ride VALUES (284, 5, 45);
INSERT INTO public.route_ride VALUES (285, 5, 49);
INSERT INTO public.route_ride VALUES (286, 5, 51);
INSERT INTO public.route_ride VALUES (287, 5, 53);
INSERT INTO public.route_ride VALUES (288, 3, 32);
INSERT INTO public.route_ride VALUES (289, 5, 40);
INSERT INTO public.route_ride VALUES (290, 5, 44);
INSERT INTO public.route_ride VALUES (291, 5, 47);
INSERT INTO public.route_ride VALUES (292, 3, 1);
INSERT INTO public.route_ride VALUES (293, 3, 31);
INSERT INTO public.route_ride VALUES (294, 3, 32);
INSERT INTO public.route_ride VALUES (295, 3, 33);
INSERT INTO public.route_ride VALUES (296, 3, 34);
INSERT INTO public.route_ride VALUES (297, 3, 36);
INSERT INTO public.route_ride VALUES (298, 3, 37);
INSERT INTO public.route_ride VALUES (299, 7, 58);
INSERT INTO public.route_ride VALUES (300, 7, 59);
INSERT INTO public.route_ride VALUES (301, 7, 61);
INSERT INTO public.route_ride VALUES (302, 7, 61);
INSERT INTO public.route_ride VALUES (303, 9, 62);
INSERT INTO public.route_ride VALUES (304, 9, 62);
INSERT INTO public.route_ride VALUES (305, 9, 64);
INSERT INTO public.route_ride VALUES (306, 9, 65);
INSERT INTO public.route_ride VALUES (307, 9, 66);
INSERT INTO public.route_ride VALUES (308, 9, 67);
INSERT INTO public.route_ride VALUES (309, 9, 68);
INSERT INTO public.route_ride VALUES (310, 9, 69);
INSERT INTO public.route_ride VALUES (311, 9, 70);
INSERT INTO public.route_ride VALUES (312, 9, 71);
INSERT INTO public.route_ride VALUES (313, 7, 58);
INSERT INTO public.route_ride VALUES (314, 7, 59);
INSERT INTO public.route_ride VALUES (315, 7, 61);
INSERT INTO public.route_ride VALUES (316, 7, 61);
INSERT INTO public.route_ride VALUES (317, 9, 62);
INSERT INTO public.route_ride VALUES (318, 9, 62);
INSERT INTO public.route_ride VALUES (319, 9, 64);
INSERT INTO public.route_ride VALUES (320, 9, 65);
INSERT INTO public.route_ride VALUES (321, 9, 66);
INSERT INTO public.route_ride VALUES (322, 9, 67);
INSERT INTO public.route_ride VALUES (323, 9, 68);
INSERT INTO public.route_ride VALUES (324, 9, 69);
INSERT INTO public.route_ride VALUES (325, 9, 70);
INSERT INTO public.route_ride VALUES (326, 9, 71);

INSERT INTO public.operation_ride VALUES (1, 1);
INSERT INTO public.operation_ride VALUES (1, 2);
INSERT INTO public.operation_ride VALUES (1, 3);
INSERT INTO public.operation_ride VALUES (1, 4);
INSERT INTO public.operation_ride VALUES (1, 5);
INSERT INTO public.operation_ride VALUES (1, 6);
INSERT INTO public.operation_ride VALUES (1, 7);
INSERT INTO public.operation_ride VALUES (2, 8);
INSERT INTO public.operation_ride VALUES (2, 9);
INSERT INTO public.operation_ride VALUES (2, 10);
INSERT INTO public.operation_ride VALUES (2, 11);
INSERT INTO public.operation_ride VALUES (2, 12);
INSERT INTO public.operation_ride VALUES (2, 13);
INSERT INTO public.operation_ride VALUES (2, 14);
INSERT INTO public.operation_ride VALUES (2, 15);
INSERT INTO public.operation_ride VALUES (2, 16);
INSERT INTO public.operation_ride VALUES (3, 17);
INSERT INTO public.operation_ride VALUES (3, 18);
INSERT INTO public.operation_ride VALUES (3, 19);
INSERT INTO public.operation_ride VALUES (3, 20);
INSERT INTO public.operation_ride VALUES (4, 21);
INSERT INTO public.operation_ride VALUES (4, 22);
INSERT INTO public.operation_ride VALUES (4, 23);
INSERT INTO public.operation_ride VALUES (4, 24);
INSERT INTO public.operation_ride VALUES (4, 25);
INSERT INTO public.operation_ride VALUES (4, 26);
INSERT INTO public.operation_ride VALUES (4, 27);
INSERT INTO public.operation_ride VALUES (7, 28);
INSERT INTO public.operation_ride VALUES (7, 29);
INSERT INTO public.operation_ride VALUES (7, 30);
INSERT INTO public.operation_ride VALUES (7, 31);
INSERT INTO public.operation_ride VALUES (7, 32);
INSERT INTO public.operation_ride VALUES (7, 33);
INSERT INTO public.operation_ride VALUES (7, 34);
INSERT INTO public.operation_ride VALUES (8, 35);
INSERT INTO public.operation_ride VALUES (8, 36);
INSERT INTO public.operation_ride VALUES (8, 37);
INSERT INTO public.operation_ride VALUES (8, 38);
INSERT INTO public.operation_ride VALUES (8, 39);
INSERT INTO public.operation_ride VALUES (8, 40);
INSERT INTO public.operation_ride VALUES (8, 41);
INSERT INTO public.operation_ride VALUES (8, 42);
INSERT INTO public.operation_ride VALUES (8, 43);
INSERT INTO public.operation_ride VALUES (9, 44);
INSERT INTO public.operation_ride VALUES (9, 45);
INSERT INTO public.operation_ride VALUES (9, 46);
INSERT INTO public.operation_ride VALUES (9, 47);
INSERT INTO public.operation_ride VALUES (10, 48);
INSERT INTO public.operation_ride VALUES (10, 49);
INSERT INTO public.operation_ride VALUES (10, 50);
INSERT INTO public.operation_ride VALUES (10, 51);
INSERT INTO public.operation_ride VALUES (10, 52);
INSERT INTO public.operation_ride VALUES (10, 53);
INSERT INTO public.operation_ride VALUES (10, 54);
INSERT INTO public.operation_ride VALUES (13, 55);
INSERT INTO public.operation_ride VALUES (13, 56);
INSERT INTO public.operation_ride VALUES (13, 57);
INSERT INTO public.operation_ride VALUES (13, 58);
INSERT INTO public.operation_ride VALUES (13, 59);
INSERT INTO public.operation_ride VALUES (13, 60);
INSERT INTO public.operation_ride VALUES (13, 61);
INSERT INTO public.operation_ride VALUES (14, 62);
INSERT INTO public.operation_ride VALUES (14, 63);
INSERT INTO public.operation_ride VALUES (14, 64);
INSERT INTO public.operation_ride VALUES (14, 65);
INSERT INTO public.operation_ride VALUES (14, 66);
INSERT INTO public.operation_ride VALUES (14, 67);
INSERT INTO public.operation_ride VALUES (14, 68);
INSERT INTO public.operation_ride VALUES (14, 69);
INSERT INTO public.operation_ride VALUES (14, 70);
INSERT INTO public.operation_ride VALUES (15, 71);
INSERT INTO public.operation_ride VALUES (15, 72);
INSERT INTO public.operation_ride VALUES (15, 73);
INSERT INTO public.operation_ride VALUES (15, 74);
INSERT INTO public.operation_ride VALUES (16, 75);
INSERT INTO public.operation_ride VALUES (16, 76);
INSERT INTO public.operation_ride VALUES (16, 77);
INSERT INTO public.operation_ride VALUES (16, 78);
INSERT INTO public.operation_ride VALUES (16, 79);
INSERT INTO public.operation_ride VALUES (16, 80);
INSERT INTO public.operation_ride VALUES (16, 81);
INSERT INTO public.operation_ride VALUES (19, 82);
INSERT INTO public.operation_ride VALUES (19, 83);
INSERT INTO public.operation_ride VALUES (19, 84);
INSERT INTO public.operation_ride VALUES (19, 85);
INSERT INTO public.operation_ride VALUES (19, 86);
INSERT INTO public.operation_ride VALUES (19, 87);
INSERT INTO public.operation_ride VALUES (19, 88);
INSERT INTO public.operation_ride VALUES (20, 89);
INSERT INTO public.operation_ride VALUES (20, 90);
INSERT INTO public.operation_ride VALUES (20, 91);
INSERT INTO public.operation_ride VALUES (20, 92);
INSERT INTO public.operation_ride VALUES (20, 93);
INSERT INTO public.operation_ride VALUES (20, 94);
INSERT INTO public.operation_ride VALUES (20, 95);
INSERT INTO public.operation_ride VALUES (20, 96);
INSERT INTO public.operation_ride VALUES (20, 97);
INSERT INTO public.operation_ride VALUES (21, 98);
INSERT INTO public.operation_ride VALUES (21, 99);
INSERT INTO public.operation_ride VALUES (21, 100);
INSERT INTO public.operation_ride VALUES (21, 101);
INSERT INTO public.operation_ride VALUES (22, 102);
INSERT INTO public.operation_ride VALUES (22, 103);
INSERT INTO public.operation_ride VALUES (22, 104);
INSERT INTO public.operation_ride VALUES (22, 105);
INSERT INTO public.operation_ride VALUES (22, 106);
INSERT INTO public.operation_ride VALUES (22, 107);
INSERT INTO public.operation_ride VALUES (22, 108);
INSERT INTO public.operation_ride VALUES (25, 109);
INSERT INTO public.operation_ride VALUES (25, 110);
INSERT INTO public.operation_ride VALUES (25, 111);
INSERT INTO public.operation_ride VALUES (25, 112);
INSERT INTO public.operation_ride VALUES (25, 113);
INSERT INTO public.operation_ride VALUES (25, 114);
INSERT INTO public.operation_ride VALUES (25, 115);
INSERT INTO public.operation_ride VALUES (26, 116);
INSERT INTO public.operation_ride VALUES (26, 117);
INSERT INTO public.operation_ride VALUES (26, 118);
INSERT INTO public.operation_ride VALUES (26, 119);
INSERT INTO public.operation_ride VALUES (26, 120);
INSERT INTO public.operation_ride VALUES (26, 121);
INSERT INTO public.operation_ride VALUES (26, 122);
INSERT INTO public.operation_ride VALUES (26, 123);
INSERT INTO public.operation_ride VALUES (26, 124);
INSERT INTO public.operation_ride VALUES (27, 125);
INSERT INTO public.operation_ride VALUES (27, 126);
INSERT INTO public.operation_ride VALUES (27, 127);
INSERT INTO public.operation_ride VALUES (27, 128);
INSERT INTO public.operation_ride VALUES (28, 129);
INSERT INTO public.operation_ride VALUES (28, 130);
INSERT INTO public.operation_ride VALUES (28, 131);
INSERT INTO public.operation_ride VALUES (28, 132);
INSERT INTO public.operation_ride VALUES (28, 133);
INSERT INTO public.operation_ride VALUES (28, 134);
INSERT INTO public.operation_ride VALUES (28, 135);
INSERT INTO public.operation_ride VALUES (31, 136);
INSERT INTO public.operation_ride VALUES (31, 137);
INSERT INTO public.operation_ride VALUES (31, 138);
INSERT INTO public.operation_ride VALUES (31, 139);
INSERT INTO public.operation_ride VALUES (32, 140);
INSERT INTO public.operation_ride VALUES (32, 141);
INSERT INTO public.operation_ride VALUES (32, 142);
INSERT INTO public.operation_ride VALUES (32, 143);
INSERT INTO public.operation_ride VALUES (32, 144);
INSERT INTO public.operation_ride VALUES (32, 145);
INSERT INTO public.operation_ride VALUES (32, 146);
INSERT INTO public.operation_ride VALUES (32, 147);
INSERT INTO public.operation_ride VALUES (32, 148);
INSERT INTO public.operation_ride VALUES (32, 149);
INSERT INTO public.operation_ride VALUES (37, 150);
INSERT INTO public.operation_ride VALUES (37, 151);
INSERT INTO public.operation_ride VALUES (37, 152);
INSERT INTO public.operation_ride VALUES (37, 153);
INSERT INTO public.operation_ride VALUES (38, 154);
INSERT INTO public.operation_ride VALUES (38, 155);
INSERT INTO public.operation_ride VALUES (38, 156);
INSERT INTO public.operation_ride VALUES (38, 157);
INSERT INTO public.operation_ride VALUES (38, 158);
INSERT INTO public.operation_ride VALUES (38, 159);
INSERT INTO public.operation_ride VALUES (38, 160);
INSERT INTO public.operation_ride VALUES (38, 161);
INSERT INTO public.operation_ride VALUES (38, 162);
INSERT INTO public.operation_ride VALUES (38, 163);
INSERT INTO public.operation_ride VALUES (39, 164);
INSERT INTO public.operation_ride VALUES (39, 165);
INSERT INTO public.operation_ride VALUES (39, 166);
INSERT INTO public.operation_ride VALUES (39, 167);
INSERT INTO public.operation_ride VALUES (39, 168);
INSERT INTO public.operation_ride VALUES (39, 169);
INSERT INTO public.operation_ride VALUES (39, 170);
INSERT INTO public.operation_ride VALUES (40, 171);
INSERT INTO public.operation_ride VALUES (40, 172);
INSERT INTO public.operation_ride VALUES (40, 173);
INSERT INTO public.operation_ride VALUES (40, 174);
INSERT INTO public.operation_ride VALUES (40, 175);
INSERT INTO public.operation_ride VALUES (40, 176);
INSERT INTO public.operation_ride VALUES (40, 177);
INSERT INTO public.operation_ride VALUES (40, 178);
INSERT INTO public.operation_ride VALUES (40, 179);
INSERT INTO public.operation_ride VALUES (41, 180);
INSERT INTO public.operation_ride VALUES (41, 181);
INSERT INTO public.operation_ride VALUES (41, 182);
INSERT INTO public.operation_ride VALUES (41, 183);
INSERT INTO public.operation_ride VALUES (42, 184);
INSERT INTO public.operation_ride VALUES (42, 185);
INSERT INTO public.operation_ride VALUES (42, 186);
INSERT INTO public.operation_ride VALUES (42, 187);
INSERT INTO public.operation_ride VALUES (42, 188);
INSERT INTO public.operation_ride VALUES (42, 189);
INSERT INTO public.operation_ride VALUES (42, 190);
INSERT INTO public.operation_ride VALUES (43, 191);
INSERT INTO public.operation_ride VALUES (43, 192);
INSERT INTO public.operation_ride VALUES (43, 193);
INSERT INTO public.operation_ride VALUES (43, 194);
INSERT INTO public.operation_ride VALUES (43, 195);
INSERT INTO public.operation_ride VALUES (43, 196);
INSERT INTO public.operation_ride VALUES (43, 197);
INSERT INTO public.operation_ride VALUES (44, 198);
INSERT INTO public.operation_ride VALUES (44, 199);
INSERT INTO public.operation_ride VALUES (44, 200);
INSERT INTO public.operation_ride VALUES (44, 201);
INSERT INTO public.operation_ride VALUES (44, 202);
INSERT INTO public.operation_ride VALUES (44, 203);
INSERT INTO public.operation_ride VALUES (44, 204);
INSERT INTO public.operation_ride VALUES (44, 205);
INSERT INTO public.operation_ride VALUES (44, 206);
INSERT INTO public.operation_ride VALUES (45, 207);
INSERT INTO public.operation_ride VALUES (45, 208);
INSERT INTO public.operation_ride VALUES (45, 209);
INSERT INTO public.operation_ride VALUES (45, 210);
INSERT INTO public.operation_ride VALUES (46, 211);
INSERT INTO public.operation_ride VALUES (46, 212);
INSERT INTO public.operation_ride VALUES (46, 213);
INSERT INTO public.operation_ride VALUES (46, 214);
INSERT INTO public.operation_ride VALUES (46, 215);
INSERT INTO public.operation_ride VALUES (46, 216);
INSERT INTO public.operation_ride VALUES (46, 217);
INSERT INTO public.operation_ride VALUES (47, 218);
INSERT INTO public.operation_ride VALUES (47, 219);
INSERT INTO public.operation_ride VALUES (47, 220);
INSERT INTO public.operation_ride VALUES (47, 221);
INSERT INTO public.operation_ride VALUES (47, 222);
INSERT INTO public.operation_ride VALUES (47, 223);
INSERT INTO public.operation_ride VALUES (47, 224);
INSERT INTO public.operation_ride VALUES (48, 225);
INSERT INTO public.operation_ride VALUES (48, 226);
INSERT INTO public.operation_ride VALUES (48, 227);
INSERT INTO public.operation_ride VALUES (48, 228);
INSERT INTO public.operation_ride VALUES (48, 229);
INSERT INTO public.operation_ride VALUES (48, 230);
INSERT INTO public.operation_ride VALUES (48, 231);
INSERT INTO public.operation_ride VALUES (48, 232);
INSERT INTO public.operation_ride VALUES (48, 233);
INSERT INTO public.operation_ride VALUES (49, 234);
INSERT INTO public.operation_ride VALUES (49, 235);
INSERT INTO public.operation_ride VALUES (49, 236);
INSERT INTO public.operation_ride VALUES (49, 237);
INSERT INTO public.operation_ride VALUES (50, 238);
INSERT INTO public.operation_ride VALUES (50, 239);
INSERT INTO public.operation_ride VALUES (50, 240);
INSERT INTO public.operation_ride VALUES (50, 241);
INSERT INTO public.operation_ride VALUES (50, 242);
INSERT INTO public.operation_ride VALUES (50, 243);
INSERT INTO public.operation_ride VALUES (50, 244);
INSERT INTO public.operation_ride VALUES (51, 245);
INSERT INTO public.operation_ride VALUES (51, 246);
INSERT INTO public.operation_ride VALUES (51, 247);
INSERT INTO public.operation_ride VALUES (51, 248);
INSERT INTO public.operation_ride VALUES (51, 249);
INSERT INTO public.operation_ride VALUES (51, 250);
INSERT INTO public.operation_ride VALUES (51, 251);
INSERT INTO public.operation_ride VALUES (52, 252);
INSERT INTO public.operation_ride VALUES (52, 253);
INSERT INTO public.operation_ride VALUES (52, 254);
INSERT INTO public.operation_ride VALUES (52, 255);
INSERT INTO public.operation_ride VALUES (52, 256);
INSERT INTO public.operation_ride VALUES (52, 257);
INSERT INTO public.operation_ride VALUES (52, 258);
INSERT INTO public.operation_ride VALUES (52, 259);
INSERT INTO public.operation_ride VALUES (52, 260);
INSERT INTO public.operation_ride VALUES (53, 261);
INSERT INTO public.operation_ride VALUES (53, 262);
INSERT INTO public.operation_ride VALUES (53, 263);
INSERT INTO public.operation_ride VALUES (53, 264);
INSERT INTO public.operation_ride VALUES (54, 265);
INSERT INTO public.operation_ride VALUES (54, 266);
INSERT INTO public.operation_ride VALUES (54, 267);
INSERT INTO public.operation_ride VALUES (54, 268);
INSERT INTO public.operation_ride VALUES (54, 269);
INSERT INTO public.operation_ride VALUES (54, 270);
INSERT INTO public.operation_ride VALUES (54, 271);
INSERT INTO public.operation_ride VALUES (55, 272);
INSERT INTO public.operation_ride VALUES (55, 273);
INSERT INTO public.operation_ride VALUES (55, 274);
INSERT INTO public.operation_ride VALUES (55, 275);
INSERT INTO public.operation_ride VALUES (55, 276);
INSERT INTO public.operation_ride VALUES (55, 277);
INSERT INTO public.operation_ride VALUES (55, 278);
INSERT INTO public.operation_ride VALUES (56, 279);
INSERT INTO public.operation_ride VALUES (56, 280);
INSERT INTO public.operation_ride VALUES (56, 281);
INSERT INTO public.operation_ride VALUES (56, 282);
INSERT INTO public.operation_ride VALUES (56, 283);
INSERT INTO public.operation_ride VALUES (56, 284);
INSERT INTO public.operation_ride VALUES (56, 285);
INSERT INTO public.operation_ride VALUES (56, 286);
INSERT INTO public.operation_ride VALUES (56, 287);
INSERT INTO public.operation_ride VALUES (57, 288);
INSERT INTO public.operation_ride VALUES (57, 289);
INSERT INTO public.operation_ride VALUES (57, 290);
INSERT INTO public.operation_ride VALUES (57, 291);
INSERT INTO public.operation_ride VALUES (58, 292);
INSERT INTO public.operation_ride VALUES (58, 293);
INSERT INTO public.operation_ride VALUES (58, 294);
INSERT INTO public.operation_ride VALUES (58, 295);
INSERT INTO public.operation_ride VALUES (58, 296);
INSERT INTO public.operation_ride VALUES (58, 297);
INSERT INTO public.operation_ride VALUES (58, 298);
INSERT INTO public.operation_ride VALUES (59, 299);
INSERT INTO public.operation_ride VALUES (59, 300);
INSERT INTO public.operation_ride VALUES (59, 301);
INSERT INTO public.operation_ride VALUES (59, 302);
INSERT INTO public.operation_ride VALUES (60, 303);
INSERT INTO public.operation_ride VALUES (60, 304);
INSERT INTO public.operation_ride VALUES (60, 305);
INSERT INTO public.operation_ride VALUES (60, 306);
INSERT INTO public.operation_ride VALUES (60, 307);
INSERT INTO public.operation_ride VALUES (60, 308);
INSERT INTO public.operation_ride VALUES (60, 309);
INSERT INTO public.operation_ride VALUES (60, 310);
INSERT INTO public.operation_ride VALUES (60, 311);
INSERT INTO public.operation_ride VALUES (60, 312);
INSERT INTO public.operation_ride VALUES (61, 313);
INSERT INTO public.operation_ride VALUES (61, 314);
INSERT INTO public.operation_ride VALUES (61, 315);
INSERT INTO public.operation_ride VALUES (61, 316);
INSERT INTO public.operation_ride VALUES (62, 317);
INSERT INTO public.operation_ride VALUES (62, 318);
INSERT INTO public.operation_ride VALUES (62, 319);
INSERT INTO public.operation_ride VALUES (62, 320);
INSERT INTO public.operation_ride VALUES (62, 321);
INSERT INTO public.operation_ride VALUES (62, 322);
INSERT INTO public.operation_ride VALUES (62, 323);
INSERT INTO public.operation_ride VALUES (62, 324);
INSERT INTO public.operation_ride VALUES (62, 325);
INSERT INTO public.operation_ride VALUES (62, 326);